"mimetype_id","mimetype","mimetype_icon","mimegroup_id","range_support","mimetype_ext","shaping","shaping_limit","shaping_offset"
"1","application/activemessage","","1","1","","0","0","0"
"2","application/andrew-inset","","1","1","","0","0","0"
"3","application/applefile","","1","1","","0","0","0"
"4","application/arj","package-x-generic.png","5","1","arj","0","0","0"
"5","application/atom+xml","applications-rss.png","6","1","atom","0","0","0"
"6","application/atomicmail","","1","1","","0","0","0"
"7","application/auth-policy+xml","","1","1","","0","0","0"
"8","application/base64","","1","1","","0","0","0"
"9","application/batch-SMTP","","1","1","","0","0","0"
"10","application/beep+xml","","1","1","","0","0","0"
"11","application/binhex","","1","1","","0","0","0"
"12","application/book","","1","1","","0","0","0"
"13","application/cals-1840","","1","1","","0","0","0"
"14","application/ccxml+xml","","1","1","","0","0","0"
"15","application/cdf","","1","1","","0","0","0"
"16","application/cellml+xml","","1","1","","0","0","0"
"17","application/clariscad","","1","1","","0","0","0"
"18","application/cnrp+xml","","1","1","","0","0","0"
"19","application/commonground","","1","1","","0","0","0"
"20","application/conference-info+xml","","1","1","","0","0","0"
"21","application/cpl+xml","","1","1","","0","0","0"
"22","application/csta+xml","","1","1","","0","0","0"
"23","application/CSTAdata+xml","","1","1","","0","0","0"
"24","application/cybercash","","1","1","","0","0","0"
"25","application/davmount+xml","","1","1","","0","0","0"
"26","application/dca-rft","","1","1","","0","0","0"
"27","application/dec-dx","","1","1","","0","0","0"
"28","application/dialog-info+xml","","1","1","","0","0","0"
"29","application/dicom","","1","1","","0","0","0"
"30","application/dns","","1","1","","0","0","0"
"31","application/drafting","","1","1","","0","0","0"
"32","application/dvcs","","1","1","","0","0","0"
"33","application/ecmascript","","1","1","","0","0","0"
"34","application/EDI-Consent","","1","1","","0","0","0"
"35","application/EDI-X12","","1","1","","0","0","0"
"36","application/EDIFACT","","1","1","","0","0","0"
"37","application/envoy","","1","1","","0","0","0"
"38","application/epp+xml","","1","1","","0","0","0"
"39","application/eshop","","1","1","","0","0","0"
"40","application/excel","","1","1","","0","0","0"
"41","application/fastinfoset","","1","1","","0","0","0"
"42","application/fastsoap","","1","1","","0","0","0"
"43","application/fits","","1","1","","0","0","0"
"44","application/font-tdpfr","","1","1","","0","0","0"
"45","application/freeload","","1","1","","0","0","0"
"46","application/gnutar","","1","1","","0","0","0"
"47","application/H224","","1","1","","0","0","0"
"48","application/hlp","","1","1","","0","0","0"
"49","application/hta","","1","1","","0","0","0"
"50","application/http","","1","1","","0","0","0"
"51","application/hyperstudio","","1","1","","0","0","0"
"52","application/iges","","1","1","","0","0","0"
"53","application/im-iscomposing+xml","","1","1","","0","0","0"
"54","application/index","","1","1","","0","0","0"
"55","application/index.cmd","","1","1","","0","0","0"
"56","application/index.obj","","1","1","","0","0","0"
"57","application/index.response","","1","1","","0","0","0"
"58","application/index.vnd","","1","1","","0","0","0"
"59","application/inf","","1","1","","0","0","0"
"60","application/iotp","","1","1","","0","0","0"
"61","application/ipp","","1","1","","0","0","0"
"62","application/isup","","1","1","","0","0","0"
"63","application/java","","1","1","","0","0","0"
"64","application/javascript","","1","1","","0","0","0"
"65","application/json","","1","1","","0","0","0"
"66","application/kpml-request+xml","","1","1","","0","0","0"
"67","application/kpml-response+xml","","1","1","","0","0","0"
"68","application/lha","package-x-generic.png","5","1","lha","0","0","0"
"69","application/lzx","","1","1","","0","0","0"
"70","application/mac-binhex40","","1","1","","0","0","0"
"71","application/macwriteii","","1","1","","0","0","0"
"72","application/marc","","1","1","","0","0","0"
"73","application/mathematica","","1","1","","0","0","0"
"74","application/mbedlet","","1","1","","0","0","0"
"75","application/mbox","","1","1","","0","0","0"
"76","application/mediaservercontrol+xml","","1","1","","0","0","0"
"77","application/mikey","","1","1","","0","0","0"
"78","application/mp4","","1","1","","0","0","0"
"79","application/mpeg4-generic","","1","1","","0","0","0"
"80","application/mpeg4-iod","","1","1","","0","0","0"
"81","application/mpeg4-iod-xmt","","1","1","","0","0","0"
"82","application/mspowerpoint","","1","1","ppt","0","0","0"
"83","application/msword","","1","1","doc","0","0","0"
"84","application/mswrite","","1","1","wri","0","0","0"
"85","application/mxf","","1","1","","0","0","0"
"86","application/nasdata","","1","1","","0","0","0"
"87","application/netmc","","1","1","","0","0","0"
"88","application/news-message-id","","1","1","","0","0","0"
"89","application/news-transmission","","1","1","","0","0","0"
"90","application/nss","","1","1","","0","0","0"
"91","application/ocsp-request","","1","1","","0","0","0"
"92","application/ocsp-response","","1","1","","0","0","0"
"93","application/octet-stream","","1","1","","0","0","0"
"94","application/oda","","1","1","","0","0","0"
"95","application/oebps-package+xml","","1","1","","0","0","0"
"96","application/ogg","audio-x-generic.png","4","1","ogg","0","0","0"
"97","application/parityfec","","1","1","","0","0","0"
"98","application/pdf","","1","0","pdf","0","0","0"
"99","application/pgp-encrypted","","1","1","","0","0","0"
"100","application/pgp-keys","","1","1","","0","0","0"
"101","application/pgp-signature","","1","1","","0","0","0"
"102","application/pidf+xml","","1","1","","0","0","0"
"103","application/pkcs10","","1","1","","0","0","0"
"104","application/pkcs7-mime","","1","1","","0","0","0"
"105","application/pkcs7-signature","","1","1","","0","0","0"
"106","application/pkix-cert","","1","1","","0","0","0"
"107","application/pkix-crl","","1","1","","0","0","0"
"108","application/pkix-pkipath","","1","1","","0","0","0"
"109","application/pkixcmp","","1","1","","0","0","0"
"110","application/pls+xml","","1","1","","0","0","0"
"111","application/poc-settings+xml","","1","1","","0","0","0"
"112","application/postscript","","1","1","","0","0","0"
"113","application/prs.alvestrand.titrax-sheet","","1","1","","0","0","0"
"114","application/prs.cww","","1","1","","0","0","0"
"115","application/prs.nprend","","1","1","","0","0","0"
"116","application/prs.plucker","","1","1","","0","0","0"
"117","application/qsig","","1","1","","0","0","0"
"118","application/rdf+xml","applications-rss.png","6","1","rss","0","0","0"
"119","application/reginfo+xml","","1","1","","0","0","0"
"120","application/relax-ng-compact-syntax","","1","1","","0","0","0"
"121","application/remote-printing","","1","1","","0","0","0"
"122","application/resource-lists+xml","","1","1","","0","0","0"
"123","application/riscos","","1","1","","0","0","0"
"124","application/rlmi+xml","","1","1","","0","0","0"
"125","application/rls-services+xml","","1","1","","0","0","0"
"126","application/rtf","","1","1","rtf","0","0","0"
"127","application/rtx","","1","1","","0","0","0"
"128","application/samlassertion+xml","","1","1","","0","0","0"
"129","application/samlmetadata+xml","","1","1","","0","0","0"
"130","application/sbml+xml","","1","1","","0","0","0"
"131","application/sdp","","1","1","","0","0","0"
"132","application/set-payment","","1","1","","0","0","0"
"133","application/set-payment-initiation","","1","1","","0","0","0"
"134","application/set-registration","","1","1","","0","0","0"
"135","application/set-registration-initiation","","1","1","","0","0","0"
"136","application/sgml","","1","1","","0","0","0"
"137","application/sgml-open-catalog","","1","1","","0","0","0"
"138","application/shf+xml","","1","1","","0","0","0"
"139","application/sieve","","1","1","","0","0","0"
"140","application/simple-filter+xml","","1","1","","0","0","0"
"141","application/simple-message-summary","","1","1","","0","0","0"
"142","application/slate","","1","1","","0","0","0"
"143","application/smil(OBSOLETE)","","1","1","","0","0","0"
"144","application/smil+xml","","1","1","","0","0","0"
"145","application/soap+fastinfoset","","1","1","","0","0","0"
"146","application/soap+xml","","1","1","","0","0","0"
"147","application/solids","","1","1","","0","0","0"
"148","application/spirits-event+xml","","1","1","","0","0","0"
"149","application/srgs","","1","1","","0","0","0"
"150","application/srgs+xml","","1","1","","0","0","0"
"151","application/ssml+xml","","1","1","","0","0","0"
"152","application/timestamp-query","","1","1","","0","0","0"
"153","application/timestamp-reply","","1","1","","0","0","0"
"154","application/tve-trigger","","1","1","","0","0","0"
"155","application/vemmi","","1","1","","0","0","0"
"156","application/vnd.3gpp.bsf+xml","","1","1","","0","0","0"
"157","application/vnd.3gpp.pic-bw-large","","1","1","","0","0","0"
"158","application/vnd.3gpp.pic-bw-small","","1","1","","0","0","0"
"159","application/vnd.3gpp.pic-bw-var","","1","1","","0","0","0"
"160","application/vnd.3gpp.sms","","1","1","","0","0","0"
"161","application/vnd.3gpp2.bcmcsinfo+xml","","1","1","","0","0","0"
"162","application/vnd.3gpp2.sms","","1","1","","0","0","0"
"163","application/vnd.3M.Post-it-Notes","","1","1","","0","0","0"
"164","application/vnd.accpac.simply.aso","","1","1","","0","0","0"
"165","application/vnd.accpac.simply.imp","","1","1","","0","0","0"
"166","application/vnd.acucobol","","1","1","","0","0","0"
"167","application/vnd.acucorp","","1","1","","0","0","0"
"168","application/vnd.adobe.xfdf","","1","1","","0","0","0"
"169","application/vnd.aether.imp","","1","1","","0","0","0"
"170","application/vnd.amiga.ami","","1","1","","0","0","0"
"171","application/vnd.anser-web-certificate-issue-initiation","","1","1","","0","0","0"
"172","application/vnd.apple.installer+xml","","1","1","","0","0","0"
"173","application/vnd.audiograph","","1","1","","0","0","0"
"174","application/vnd.autopackage","","1","1","","0","0","0"
"175","application/vnd.avistar+xml","","1","1","","0","0","0"
"176","application/vnd.blueice.multipass","","1","1","","0","0","0"
"177","application/vnd.bmi","","1","1","","0","0","0"
"178","application/vnd.businessobjects","","1","1","","0","0","0"
"179","application/vnd.cab-jscript","","1","1","","0","0","0"
"180","application/vnd.canon-cpdl","","1","1","","0","0","0"
"181","application/vnd.canon-lips","","1","1","","0","0","0"
"182","application/vnd.chipnuts.karaoke-mmd","","1","1","","0","0","0"
"183","application/vnd.cinderella","","1","1","","0","0","0"
"184","application/vnd.cirpack.isdn-ext","","1","1","","0","0","0"
"185","application/vnd.claymore","","1","1","","0","0","0"
"186","application/vnd.commerce-battelle","","1","1","","0","0","0"
"187","application/vnd.commonspace","","1","1","","0","0","0"
"188","application/vnd.contact.cmsg","","1","1","","0","0","0"
"189","application/vnd.cosmocaller","","1","1","","0","0","0"
"190","application/vnd.crick.clicker","","1","1","","0","0","0"
"191","application/vnd.crick.clicker.keyboard","","1","1","","0","0","0"
"192","application/vnd.crick.clicker.palette","","1","1","","0","0","0"
"193","application/vnd.crick.clicker.template","","1","1","","0","0","0"
"194","application/vnd.crick.clicker.wordbank","","1","1","","0","0","0"
"195","application/vnd.criticaltools.wbs+xml","","1","1","","0","0","0"
"196","application/vnd.ctc-posml","","1","1","","0","0","0"
"197","application/vnd.cups-pdf","","1","1","","0","0","0"
"198","application/vnd.cups-postscript","","1","1","","0","0","0"
"199","application/vnd.cups-ppd","","1","1","","0","0","0"
"200","application/vnd.cups-raster","","1","1","","0","0","0"
"201","application/vnd.cups-raw","","1","1","","0","0","0"
"202","application/vnd.curl","","1","1","","0","0","0"
"203","application/vnd.cybank","","1","1","","0","0","0"
"204","application/vnd.data-vision.rdz","","1","1","","0","0","0"
"205","application/vnd.dna","","1","1","","0","0","0"
"206","application/vnd.dpgraph","","1","1","","0","0","0"
"207","application/vnd.dreamfactory","","1","1","","0","0","0"
"208","application/vnd.dvb.esgcontainer","","1","1","","0","0","0"
"209","application/vnd.dvb.ipdcesgaccess","","1","1","","0","0","0"
"210","application/vnd.dxr","","1","1","","0","0","0"
"211","application/vnd.ecdis-update","","1","1","","0","0","0"
"212","application/vnd.ecowin.chart","","1","1","","0","0","0"
"213","application/vnd.ecowin.filerequest","","1","1","","0","0","0"
"214","application/vnd.ecowin.fileupdate","","1","1","","0","0","0"
"215","application/vnd.ecowin.series","","1","1","","0","0","0"
"216","application/vnd.ecowin.seriesrequest","","1","1","","0","0","0"
"217","application/vnd.ecowin.seriesupdate","","1","1","","0","0","0"
"218","application/vnd.enliven","","1","1","","0","0","0"
"219","application/vnd.epson.esf","","1","1","","0","0","0"
"220","application/vnd.epson.msf","","1","1","","0","0","0"
"221","application/vnd.epson.quickanime","","1","1","","0","0","0"
"222","application/vnd.epson.salt","","1","1","","0","0","0"
"223","application/vnd.epson.ssf","","1","1","","0","0","0"
"224","application/vnd.ericsson.quickcall","","1","1","","0","0","0"
"225","application/vnd.eudora.data","","1","1","","0","0","0"
"226","application/vnd.ezpix-album","","1","1","","0","0","0"
"227","application/vnd.ezpix-package","","1","1","","0","0","0"
"228","application/vnd.fdf","","1","1","","0","0","0"
"229","application/vnd.ffsns","","1","1","","0","0","0"
"230","application/vnd.fints","","1","1","","0","0","0"
"231","application/vnd.FloGraphIt","","1","1","","0","0","0"
"232","application/vnd.fluxtime.clip","","1","1","","0","0","0"
"233","application/vnd.framemaker","","1","1","","0","0","0"
"234","application/vnd.frogans.fnc","","1","1","","0","0","0"
"235","application/vnd.frogans.ltf","","1","1","","0","0","0"
"236","application/vnd.fsc.weblaunch","","1","1","","0","0","0"
"237","application/vnd.fujitsu.oasys","","1","1","","0","0","0"
"238","application/vnd.fujitsu.oasys2","","1","1","","0","0","0"
"239","application/vnd.fujitsu.oasys3","","1","1","","0","0","0"
"240","application/vnd.fujitsu.oasysgp","","1","1","","0","0","0"
"241","application/vnd.fujitsu.oasysprs","","1","1","","0","0","0"
"242","application/vnd.fujixerox.ART-EX","","1","1","","0","0","0"
"243","application/vnd.fujixerox.ART4","","1","1","","0","0","0"
"244","application/vnd.fujixerox.ddd","","1","1","","0","0","0"
"245","application/vnd.fujixerox.docuworks","","1","1","","0","0","0"
"246","application/vnd.fujixerox.docuworks.binder","","1","1","","0","0","0"
"247","application/vnd.fujixerox.HBPL","","1","1","","0","0","0"
"248","application/vnd.fut-misnet","","1","1","","0","0","0"
"249","application/vnd.fuzzysheet","","1","1","","0","0","0"
"250","application/vnd.genomatix.tuxedo","","1","1","","0","0","0"
"251","application/vnd.google-earth.kml+xml","","1","1","","0","0","0"
"252","application/vnd.google-earth.kmz","","1","1","","0","0","0"
"253","application/vnd.grafeq","","1","1","","0","0","0"
"254","application/vnd.gridmp","","1","1","","0","0","0"
"255","application/vnd.groove-account","","1","1","","0","0","0"
"256","application/vnd.groove-help","","1","1","","0","0","0"
"257","application/vnd.groove-identity-message","","1","1","","0","0","0"
"258","application/vnd.groove-injector","","1","1","","0","0","0"
"259","application/vnd.groove-tool-message","","1","1","","0","0","0"
"260","application/vnd.groove-tool-template","","1","1","","0","0","0"
"261","application/vnd.groove-vcard","","1","1","","0","0","0"
"262","application/vnd.HandHeld-Entertainment+xml","","1","1","","0","0","0"
"263","application/vnd.hbci","","1","1","","0","0","0"
"264","application/vnd.hcl-bireports","","1","1","","0","0","0"
"265","application/vnd.hhe.lesson-player","","1","1","","0","0","0"
"266","application/vnd.hp-hpgl","","1","1","","0","0","0"
"267","application/vnd.hp-hpid","","1","1","","0","0","0"
"268","application/vnd.hp-hps","","1","1","","0","0","0"
"269","application/vnd.hp-jlyt","","1","1","","0","0","0"
"270","application/vnd.hp-PCL","","1","1","","0","0","0"
"271","application/vnd.hp-PCLXL","","1","1","","0","0","0"
"272","application/vnd.httphone","","1","1","","0","0","0"
"273","application/vnd.hzn-3d-crossword","","1","1","","0","0","0"
"274","application/vnd.ibm.afplinedata","","1","1","","0","0","0"
"275","application/vnd.ibm.electronic-media","","1","1","","0","0","0"
"276","application/vnd.ibm.MiniPay","","1","1","","0","0","0"
"277","application/vnd.ibm.modcap","","1","1","","0","0","0"
"278","application/vnd.ibm.rights-management","","1","1","","0","0","0"
"279","application/vnd.ibm.secure-container","","1","1","","0","0","0"
"280","application/vnd.igloader","","1","1","","0","0","0"
"281","application/vnd.immervision-ivp","","1","1","","0","0","0"
"282","application/vnd.immervision-ivu","","1","1","","0","0","0"
"283","application/vnd.informedcontrol.rms+xml","","1","1","","0","0","0"
"284","application/vnd.informix-visionary","","1","1","","0","0","0"
"285","application/vnd.intercon.formnet","","1","1","","0","0","0"
"286","application/vnd.intertrust.digibox","","1","1","","0","0","0"
"287","application/vnd.intertrust.nncp","","1","1","","0","0","0"
"288","application/vnd.intu.qbo","","1","1","","0","0","0"
"289","application/vnd.intu.qfx","","1","1","","0","0","0"
"290","application/vnd.ipunplugged.rcprofile","","1","1","","0","0","0"
"291","application/vnd.irepository.package+xml","","1","1","","0","0","0"
"292","application/vnd.is-xpr","","1","1","","0","0","0"
"293","application/vnd.japannet-directory-service","","1","1","","0","0","0"
"294","application/vnd.japannet-jpnstore-wakeup","","1","1","","0","0","0"
"295","application/vnd.japannet-payment-wakeup","","1","1","","0","0","0"
"296","application/vnd.japannet-registration","","1","1","","0","0","0"
"297","application/vnd.japannet-registration-wakeup","","1","1","","0","0","0"
"298","application/vnd.japannet-setstore-wakeup","","1","1","","0","0","0"
"299","application/vnd.japannet-verification","","1","1","","0","0","0"
"300","application/vnd.japannet-verification-wakeup","","1","1","","0","0","0"
"301","application/vnd.jisp","","1","1","","0","0","0"
"302","application/vnd.kahootz","","1","1","","0","0","0"
"303","application/vnd.kde.karbon","","1","1","","0","0","0"
"304","application/vnd.kde.kchart","","1","1","","0","0","0"
"305","application/vnd.kde.kformula","","1","1","","0","0","0"
"306","application/vnd.kde.kivio","","1","1","","0","0","0"
"307","application/vnd.kde.kontour","","1","1","","0","0","0"
"308","application/vnd.kde.kpresenter","","1","1","","0","0","0"
"309","application/vnd.kde.kspread","","1","1","","0","0","0"
"310","application/vnd.kde.kword","","1","1","","0","0","0"
"311","application/vnd.kenameaapp","","1","1","","0","0","0"
"312","application/vnd.kidspiration","","1","1","","0","0","0"
"313","application/vnd.Kinar","","1","1","","0","0","0"
"314","application/vnd.koan","","1","1","","0","0","0"
"315","application/vnd.liberty-request+xml","","1","1","","0","0","0"
"316","application/vnd.llamagraphics.life-balance.desktop","","1","1","","0","0","0"
"317","application/vnd.llamagraphics.life-balance.exchange+xml","","1","1","","0","0","0"
"318","application/vnd.lotus-1-2-3","","1","1","","0","0","0"
"319","application/vnd.lotus-approach","","1","1","","0","0","0"
"320","application/vnd.lotus-freelance","","1","1","","0","0","0"
"321","application/vnd.lotus-notes","","1","1","","0","0","0"
"322","application/vnd.lotus-organizer","","1","1","","0","0","0"
"323","application/vnd.lotus-screencam","","1","1","","0","0","0"
"324","application/vnd.lotus-wordpro","","1","1","","0","0","0"
"325","application/vnd.marlin.drm.actiontoken+xml","","1","1","","0","0","0"
"326","application/vnd.marlin.drm.conftoken+xml","","1","1","","0","0","0"
"327","application/vnd.marlin.drm.mdcf","","1","1","","0","0","0"
"328","application/vnd.mcd","","1","1","","0","0","0"
"329","application/vnd.medcalcdata","","1","1","","0","0","0"
"330","application/vnd.mediastation.cdkey","","1","1","","0","0","0"
"331","application/vnd.meridian-slingshot","","1","1","","0","0","0"
"332","application/vnd.MFER","","1","1","","0","0","0"
"333","application/vnd.mfmp","","1","1","","0","0","0"
"334","application/vnd.micrografx.flo","","1","1","","0","0","0"
"335","application/vnd.micrografx.igx","","1","1","","0","0","0"
"336","application/vnd.mif","","1","1","","0","0","0"
"337","application/vnd.minisoft-hp3000-save","","1","1","","0","0","0"
"338","application/vnd.mitsubishi.misty-guard.trustweb","","1","1","","0","0","0"
"339","application/vnd.Mobius.DAF","","1","1","","0","0","0"
"340","application/vnd.Mobius.DIS","","1","1","","0","0","0"
"341","application/vnd.Mobius.MBK","","1","1","","0","0","0"
"342","application/vnd.Mobius.MQY","","1","1","","0","0","0"
"343","application/vnd.Mobius.MSL","","1","1","","0","0","0"
"344","application/vnd.Mobius.PLC","","1","1","","0","0","0"
"345","application/vnd.Mobius.TXF","","1","1","","0","0","0"
"346","application/vnd.mophun.application","","1","1","","0","0","0"
"347","application/vnd.mophun.certificate","","1","1","","0","0","0"
"348","application/vnd.motorola.flexsuite","","1","1","","0","0","0"
"349","application/vnd.motorola.flexsuite.adsi","","1","1","","0","0","0"
"350","application/vnd.motorola.flexsuite.fis","","1","1","","0","0","0"
"351","application/vnd.motorola.flexsuite.gotap","","1","1","","0","0","0"
"352","application/vnd.motorola.flexsuite.kmr","","1","1","","0","0","0"
"353","application/vnd.motorola.flexsuite.ttc","","1","1","","0","0","0"
"354","application/vnd.motorola.flexsuite.wem","","1","1","","0","0","0"
"355","application/vnd.mozilla.xul+xml","","1","1","","0","0","0"
"356","application/vnd.ms-artgalry","","1","1","","0","0","0"
"357","application/vnd.ms-asf","","1","1","asf","0","0","0"
"358","application/vnd.ms-cab-compressed","","5","1","cab","0","0","0"
"359","application/vnd.ms-excel","","1","1","xls","0","0","0"
"360","application/vnd.ms-fontobject","","1","1","","0","0","0"
"361","application/vnd.ms-htmlhelp","","1","1","","0","0","0"
"362","application/vnd.ms-ims","","1","1","","0","0","0"
"363","application/vnd.ms-lrm","","1","1","","0","0","0"
"364","application/vnd.ms-pki.seccat","","1","1","","0","0","0"
"365","application/vnd.ms-powerpoint","","1","1","","0","0","0"
"366","application/vnd.ms-project","","1","1","","0","0","0"
"367","application/vnd.ms-tnef","","1","1","","0","0","0"
"368","application/vnd.ms-wmdrm.lic-chlg-req","","1","1","","0","0","0"
"369","application/vnd.ms-wmdrm.lic-resp","","1","1","","0","0","0"
"370","application/vnd.ms-wmdrm.meter-chlg-req","","1","1","","0","0","0"
"371","application/vnd.ms-wmdrm.meter-resp","","1","1","","0","0","0"
"372","application/vnd.ms-works","","1","1","","0","0","0"
"373","application/vnd.ms-wpl","","1","1","","0","0","0"
"374","application/vnd.ms-xpsdocument","","1","1","","0","0","0"
"375","application/vnd.mseq","","1","1","","0","0","0"
"376","application/vnd.msign","","1","1","","0","0","0"
"377","application/vnd.music-niff","","1","1","","0","0","0"
"378","application/vnd.musician","","1","1","","0","0","0"
"379","application/vnd.ncd.control","","1","1","","0","0","0"
"380","application/vnd.nervana","","1","1","","0","0","0"
"381","application/vnd.netfpx","","1","1","","0","0","0"
"382","application/vnd.noblenet-directory","","1","1","","0","0","0"
"383","application/vnd.noblenet-sealer","","1","1","","0","0","0"
"384","application/vnd.noblenet-web","","1","1","","0","0","0"
"385","application/vnd.nokia.catalogs","","1","1","","0","0","0"
"386","application/vnd.nokia.configuration-message","","1","1","","0","0","0"
"387","application/vnd.nokia.conml+wbxml","","1","1","","0","0","0"
"388","application/vnd.nokia.conml+xml","","1","1","","0","0","0"
"389","application/vnd.nokia.iptv.config+xml","","1","1","","0","0","0"
"390","application/vnd.nokia.landmark+wbxml","","1","1","","0","0","0"
"391","application/vnd.nokia.landmark+xml","","1","1","","0","0","0"
"392","application/vnd.nokia.landmarkcollection+xml","","1","1","","0","0","0"
"393","application/vnd.nokia.n-gage.ac+xml","","1","1","","0","0","0"
"394","application/vnd.nokia.n-gage.data","","1","1","","0","0","0"
"395","application/vnd.nokia.n-gage.symbian.install","","1","1","","0","0","0"
"396","application/vnd.nokia.pcd+wbxml","","1","1","","0","0","0"
"397","application/vnd.nokia.pcd+xml","","1","1","","0","0","0"
"398","application/vnd.nokia.radio-preset","","1","1","","0","0","0"
"399","application/vnd.nokia.radio-presets","","1","1","","0","0","0"
"400","application/vnd.novadigm.EDM","","1","1","","0","0","0"
"401","application/vnd.novadigm.EDX","","1","1","","0","0","0"
"402","application/vnd.novadigm.EXT","","1","1","","0","0","0"
"403","application/vnd.oasis.opendocument.chart","","1","1","","0","0","0"
"404","application/vnd.oasis.opendocument.chart-template","","1","1","","0","0","0"
"405","application/vnd.oasis.opendocument.formula","","1","1","","0","0","0"
"406","application/vnd.oasis.opendocument.formula-template","","1","1","","0","0","0"
"407","application/vnd.oasis.opendocument.graphics","","1","1","","0","0","0"
"408","application/vnd.oasis.opendocument.graphics-template","","1","1","","0","0","0"
"409","application/vnd.oasis.opendocument.image","","1","1","","0","0","0"
"410","application/vnd.oasis.opendocument.image-template","","1","1","","0","0","0"
"411","application/vnd.oasis.opendocument.presentation","","1","1","","0","0","0"
"412","application/vnd.oasis.opendocument.presentation-template","","1","1","","0","0","0"
"413","application/vnd.oasis.opendocument.spreadsheet","","1","1","","0","0","0"
"414","application/vnd.oasis.opendocument.spreadsheet-template","","1","1","","0","0","0"
"415","application/vnd.oasis.opendocument.text","","1","1","","0","0","0"
"416","application/vnd.oasis.opendocument.text-master","","1","1","","0","0","0"
"417","application/vnd.oasis.opendocument.text-template","","1","1","","0","0","0"
"418","application/vnd.oasis.opendocument.text-web","","1","1","","0","0","0"
"419","application/vnd.obn","","1","1","","0","0","0"
"420","application/vnd.oma-scws-config","","1","1","","0","0","0"
"421","application/vnd.oma-scws-http-request","","1","1","","0","0","0"
"422","application/vnd.oma-scws-http-response","","1","1","","0","0","0"
"423","application/vnd.oma.dd2+xml","","1","1","","0","0","0"
"424","application/vnd.oma.group-usage-list+xml","","1","1","","0","0","0"
"425","application/vnd.oma.poc.groups+xml","","1","1","","0","0","0"
"426","application/vnd.oma.xcap-directory+xml","","1","1","","0","0","0"
"427","application/vnd.omads-email+xml","","1","1","","0","0","0"
"428","application/vnd.omads-file+xml","","1","1","","0","0","0"
"429","application/vnd.omads-folder+xml","","1","1","","0","0","0"
"430","application/vnd.omaloc-supl-init","","1","1","","0","0","0"
"431","application/vnd.openofficeorg.extension","","1","1","","0","0","0"
"432","application/vnd.osa.netdeploy","","1","1","","0","0","0"
"433","application/vnd.osgi.dp","","1","1","","0","0","0"
"434","application/vnd.otps.ct-kip+xml","","1","1","","0","0","0"
"435","application/vnd.palm","","1","1","","0","0","0"
"436","application/vnd.paos.xml","","1","1","","0","0","0"
"437","application/vnd.pg.format","","1","1","","0","0","0"
"438","application/vnd.pg.osasli","","1","1","","0","0","0"
"439","application/vnd.piaccess.application-licence","","1","1","","0","0","0"
"440","application/vnd.picsel","","1","1","","0","0","0"
"441","application/vnd.poc.group-advertisement+xml","","1","1","","0","0","0"
"442","application/vnd.pocketlearn","","1","1","","0","0","0"
"443","application/vnd.powerbuilder6","","1","1","","0","0","0"
"444","application/vnd.powerbuilder6-s","","1","1","","0","0","0"
"445","application/vnd.powerbuilder7","","1","1","","0","0","0"
"446","application/vnd.powerbuilder7-s","","1","1","","0","0","0"
"447","application/vnd.powerbuilder75","","1","1","","0","0","0"
"448","application/vnd.powerbuilder75-s","","1","1","","0","0","0"
"449","application/vnd.preminet","","1","1","","0","0","0"
"450","application/vnd.previewsystems.box","","1","1","","0","0","0"
"451","application/vnd.proteus.magazine","","1","1","","0","0","0"
"452","application/vnd.publishare-delta-tree","","1","1","","0","0","0"
"453","application/vnd.pvi.ptid1","","1","1","","0","0","0"
"454","application/vnd.pwg-multiplexed","","1","1","","0","0","0"
"455","application/vnd.pwg-xhtml-print+xml","","1","1","","0","0","0"
"456","application/vnd.qualcomm.brew-app-res","","1","1","","0","0","0"
"457","application/vnd.Quark.QuarkXPress","","1","1","","0","0","0"
"458","application/vnd.rapid","","1","1","","0","0","0"
"459","application/vnd.RenLearn.rlprint","","1","1","","0","0","0"
"460","application/vnd.ruckus.download","","1","1","","0","0","0"
"461","application/vnd.s3sms","","1","1","","0","0","0"
"462","application/vnd.scribus","","1","1","","0","0","0"
"463","application/vnd.sealed.3df","","1","1","","0","0","0"
"464","application/vnd.sealed.csf","","1","1","","0","0","0"
"465","application/vnd.sealed.doc","","1","1","","0","0","0"
"466","application/vnd.sealed.eml","","1","1","","0","0","0"
"467","application/vnd.sealed.mht","","1","1","","0","0","0"
"468","application/vnd.sealed.net","","1","1","","0","0","0"
"469","application/vnd.sealed.ppt","","1","1","","0","0","0"
"470","application/vnd.sealed.tiff","","1","1","","0","0","0"
"471","application/vnd.sealed.xls","","1","1","","0","0","0"
"472","application/vnd.sealedmedia.softseal.html","","1","1","","0","0","0"
"473","application/vnd.sealedmedia.softseal.pdf","","1","1","","0","0","0"
"474","application/vnd.seemail","","1","1","","0","0","0"
"475","application/vnd.sema","","1","1","","0","0","0"
"476","application/vnd.semd","","1","1","","0","0","0"
"477","application/vnd.semf","","1","1","","0","0","0"
"478","application/vnd.shana.informed.formdata","","1","1","","0","0","0"
"479","application/vnd.shana.informed.formtemplate","","1","1","","0","0","0"
"480","application/vnd.shana.informed.interchange","","1","1","","0","0","0"
"481","application/vnd.shana.informed.package","","1","1","","0","0","0"
"482","application/vnd.SimTech-MindMapper","","1","1","","0","0","0"
"483","application/vnd.smaf","","1","1","","0","0","0"
"484","application/vnd.solent.sdkm+xml","","1","1","","0","0","0"
"485","application/vnd.spotfire.dxp","","1","1","","0","0","0"
"486","application/vnd.spotfire.sfs","","1","1","","0","0","0"
"487","application/vnd.sss-cod","","1","1","","0","0","0"
"488","application/vnd.sss-dtf","","1","1","","0","0","0"
"489","application/vnd.sss-ntf","","1","1","","0","0","0"
"490","application/vnd.street-stream","","1","1","","0","0","0"
"491","application/vnd.sun.wadl+xml","","1","1","","0","0","0"
"492","application/vnd.sus-calendar","","1","1","","0","0","0"
"493","application/vnd.svd","","1","1","","0","0","0"
"494","application/vnd.swiftview-ics","","1","1","","0","0","0"
"495","application/vnd.syncml.dm+wbxml","","1","1","","0","0","0"
"496","application/vnd.syncml.dm+xml","","1","1","","0","0","0"
"497","application/vnd.syncml.ds.notification","","1","1","","0","0","0"
"498","application/vnd.syncml+xml","","1","1","","0","0","0"
"499","application/vnd.tao.intent-module-archive","","1","1","","0","0","0"
"500","application/vnd.tmobile-livetv","","1","1","","0","0","0"
"501","application/vnd.triscape.mxs","","1","1","","0","0","0"
"502","application/vnd.trueapp","","1","1","","0","0","0"
"503","application/vnd.truedoc","","1","1","","0","0","0"
"504","application/vnd.ufdl","","1","1","","0","0","0"
"505","application/vnd.uiq.theme","","1","1","","0","0","0"
"506","application/vnd.umajin","","1","1","","0","0","0"
"507","application/vnd.uoml+xml","","1","1","","0","0","0"
"508","application/vnd.uplanet.alert","","1","1","","0","0","0"
"509","application/vnd.uplanet.alert-wbxml","","1","1","","0","0","0"
"510","application/vnd.uplanet.bearer-choice","","1","1","","0","0","0"
"511","application/vnd.uplanet.bearer-choice-wbxml","","1","1","","0","0","0"
"512","application/vnd.uplanet.cacheop","","1","1","","0","0","0"
"513","application/vnd.uplanet.cacheop-wbxml","","1","1","","0","0","0"
"514","application/vnd.uplanet.channel","","1","1","","0","0","0"
"515","application/vnd.uplanet.channel-wbxml","","1","1","","0","0","0"
"516","application/vnd.uplanet.list","","1","1","","0","0","0"
"517","application/vnd.uplanet.list-wbxml","","1","1","","0","0","0"
"518","application/vnd.uplanet.listcmd","","1","1","","0","0","0"
"519","application/vnd.uplanet.listcmd-wbxml","","1","1","","0","0","0"
"520","application/vnd.uplanet.signal","","1","1","","0","0","0"
"521","application/vnd.vcx","","1","1","","0","0","0"
"522","application/vnd.vd-study","","1","1","","0","0","0"
"523","application/vnd.vectorworks","","1","1","","0","0","0"
"524","application/vnd.vidsoft.vidconference","","1","1","","0","0","0"
"525","application/vnd.visio","","1","1","","0","0","0"
"526","application/vnd.visionary","","1","1","","0","0","0"
"527","application/vnd.vividence.scriptfile","","1","1","","0","0","0"
"528","application/vnd.vsf","","1","1","","0","0","0"
"529","application/vnd.wap.sic","","1","1","","0","0","0"
"530","application/vnd.wap.slc","","1","1","","0","0","0"
"531","application/vnd.wap.wbxml","","1","1","","0","0","0"
"532","application/vnd.wap.wmlc","","1","1","","0","0","0"
"533","application/vnd.wap.wmlscriptc","","1","1","","0","0","0"
"534","application/vnd.webturbo","","1","1","","0","0","0"
"535","application/vnd.wfa.wsc","","1","1","","0","0","0"
"536","application/vnd.wordperfect","","1","1","","0","0","0"
"537","application/vnd.wqd","","1","1","","0","0","0"
"538","application/vnd.wrq-hp3000-labelled","","1","1","","0","0","0"
"539","application/vnd.wt.stf","","1","1","","0","0","0"
"540","application/vnd.wv.csp+wbxml","","1","1","","0","0","0"
"541","application/vnd.wv.csp+xml","","1","1","","0","0","0"
"542","application/vnd.wv.ssp+xml","","1","1","","0","0","0"
"543","application/vnd.xara","","1","1","","0","0","0"
"544","application/vnd.xfdl","","1","1","","0","0","0"
"545","application/vnd.xmpie.cpkg","","1","1","","0","0","0"
"546","application/vnd.xmpie.dpkg","","1","1","","0","0","0"
"547","application/vnd.xmpie.plan","","1","1","","0","0","0"
"548","application/vnd.xmpie.ppkg","","1","1","","0","0","0"
"549","application/vnd.xmpie.xlim","","1","1","","0","0","0"
"550","application/vnd.yamaha.hv-dic","","1","1","","0","0","0"
"551","application/vnd.yamaha.hv-script","","1","1","","0","0","0"
"552","application/vnd.yamaha.hv-voice","","1","1","","0","0","0"
"553","application/vnd.yamaha.smaf-audio","","1","1","","0","0","0"
"554","application/vnd.yamaha.smaf-phrase","","1","1","","0","0","0"
"555","application/vnd.yellowriver-custom-menu","","1","1","","0","0","0"
"556","application/vnd.zzazz.deck+xml","","1","1","","0","0","0"
"557","application/voicexml+xml","","1","1","","0","0","0"
"558","application/watcherinfo+xml","","1","1","","0","0","0"
"559","application/whoispp-query","","1","1","","0","0","0"
"560","application/whoispp-response","","1","1","","0","0","0"
"561","application/wita","","1","1","","0","0","0"
"562","application/wordperfect","","1","1","","0","0","0"
"563","application/wordperfect5.1","","1","1","","0","0","0"
"564","application/x-aim","","1","1","","0","0","0"
"565","application/x-authorware-bin","","1","1","","0","0","0"
"566","application/x-authorware-map","","1","1","","0","0","0"
"567","application/x-authorware-seg","","1","1","","0","0","0"
"568","application/x-bcpio","","1","1","","0","0","0"
"569","application/x-bsh","","1","1","","0","0","0"
"570","application/x-bzip","package-x-generic.png","5","1","","0","0","0"
"571","application/x-bzip2","package-x-generic.png","5","1","bz2","0","0","0"
"572","application/x-chat","","1","1","","0","0","0"
"573","application/x-cocoa","","1","1","","0","0","0"
"574","application/x-compactpro","","1","1","","0","0","0"
"575","application/x-compress","package-x-generic.png","5","1","","0","0","0"
"576","application/x-conference","","1","1","","0","0","0"
"577","application/x-cpio","","1","1","","0","0","0"
"578","application/x-csh","","1","1","","0","0","0"
"579","application/x-deepv","","1","1","","0","0","0"
"580","application/x-director","","1","1","","0","0","0"
"581","application/x-dvi","","1","1","","0","0","0"
"582","application/x-elc","","1","1","","0","0","0"
"583","application/x-envoy","","1","1","","0","0","0"
"584","application/x-frame","","1","1","","0","0","0"
"585","application/x-gsp","","1","1","","0","0","0"
"586","application/x-gss","","1","1","","0","0","0"
"587","application/x-gtar","package-x-generic.png","5","1","","0","0","0"
"588","application/x-gzip","package-x-generic.png","5","1","gz","0","0","0"
"589","application/x-hdf","","1","1","","0","0","0"
"590","application/x-httpd-imap","","1","1","","0","0","0"
"591","application/x-ima","","1","1","","0","0","0"
"592","application/x-internett-signup","","1","1","","0","0","0"
"593","application/x-inventor","","1","1","","0","0","0"
"594","application/x-ip2","","1","1","","0","0","0"
"595","application/x-java-commerce","","1","1","","0","0","0"
"596","application/x-ksh","","1","1","","0","0","0"
"597","application/x-latex","","1","1","","0","0","0"
"598","application/x-lisp","","1","1","","0","0","0"
"599","application/x-livescreen","","1","1","","0","0","0"
"600","application/x-lzh","package-x-generic.png","5","1","","0","0","0"
"601","application/x-mix-transfer","","1","1","","0","0","0"
"602","application/x-navi-animation","","1","1","","0","0","0"
"603","application/x-navidoc","","1","1","","0","0","0"
"604","application/x-navimap","","1","1","","0","0","0"
"605","application/x-netcdf","","1","1","","0","0","0"
"606","application/x-nokia-9000-communicator-add-on-software","","1","1","","0","0","0"
"607","application/x-project","","1","1","","0","0","0"
"608","application/x-shockwave-flash","applications-flash.png","1","1","swf","0","0","0"
"609","application/x-tar","package-x-generic.png","5","1","tar","0","0","0"
"610","application/x-tex","","1","1","","0","0","0"
"611","application/x-texinfo","","1","1","","0","0","0"
"612","application/x-troff-man","","1","1","","0","0","0"
"613","application/x-troff-me","","1","1","","0","0","0"
"614","application/x-troff-ms","","1","1","","0","0","0"
"615","application/x-x509-ca-cert","","1","1","","0","0","0"
"616","application/x400-bp","","1","1","","0","0","0"
"617","application/xcap-att+xml","","1","1","","0","0","0"
"618","application/xcap-caps+xml","","1","1","","0","0","0"
"619","application/xcap-el+xml","","1","1","","0","0","0"
"620","application/xcap-error+xml","","1","1","","0","0","0"
"621","application/xcap-ns+xml","","1","1","","0","0","0"
"622","application/xenc+xml","","1","1","","0","0","0"
"623","application/xhtml-voice+xml(Obsolete)","","1","1","","0","0","0"
"624","application/xhtml+xml","","6","1","","0","0","0"
"625","application/xml","","6","1","xml","0","0","0"
"626","application/xml-dtd","","1","1","","0","0","0"
"627","application/xml-external-parsed-entity","","1","1","","0","0","0"
"628","application/xmpp+xml","","1","1","","0","0","0"
"629","application/xop+xml","","1","1","","0","0","0"
"630","application/xv+xml","","1","1","","0","0","0"
"631","application/zip","package-x-generic.png","5","1","zip","0","0","0"
"632","applicationo/x-vnd.audioexplosion.mzz","","1","1","","0","0","0"
"633","audio/32kadpcm","audio-x-generic.png","4","1","","0","0","0"
"634","audio/3gpp","audio-x-generic.png","4","1","","0","0","0"
"635","audio/3gpp2","audio-x-generic.png","4","1","","0","0","0"
"636","audio/ac3","audio-x-generic.png","4","1","","0","0","0"
"637","audio/AMR","audio-x-generic.png","4","1","","0","0","0"
"638","audio/AMR-WB","audio-x-generic.png","4","1","","0","0","0"
"639","audio/amr-wb+","audio-x-generic.png","4","1","","0","0","0"
"640","audio/asc","audio-x-generic.png","4","1","","0","0","0"
"641","audio/basic","audio-x-generic.png","4","1","","0","0","0"
"642","audio/BV16","audio-x-generic.png","4","1","","0","0","0"
"643","audio/BV32","audio-x-generic.png","4","1","","0","0","0"
"644","audio/clearmode","audio-x-generic.png","4","1","","0","0","0"
"645","audio/CN","audio-x-generic.png","4","1","","0","0","0"
"646","audio/DAT12","audio-x-generic.png","4","1","","0","0","0"
"647","audio/dls","audio-x-generic.png","4","1","","0","0","0"
"648","audio/dsr-es201108","audio-x-generic.png","4","1","","0","0","0"
"649","audio/dsr-es202050","audio-x-generic.png","4","1","","0","0","0"
"650","audio/dsr-es202211","audio-x-generic.png","4","1","","0","0","0"
"651","audio/dsr-es202212","audio-x-generic.png","4","1","","0","0","0"
"652","audio/DVI4","audio-x-generic.png","4","1","","0","0","0"
"653","audio/eac3","audio-x-generic.png","4","1","","0","0","0"
"654","audio/EVRC","audio-x-generic.png","4","1","","0","0","0"
"655","audio/EVRC-QCP","audio-x-generic.png","4","1","","0","0","0"
"656","audio/EVRC0","audio-x-generic.png","4","1","","0","0","0"
"657","audio/EVRC1","audio-x-generic.png","4","1","","0","0","0"
"658","audio/EVRCB","audio-x-generic.png","4","1","","0","0","0"
"659","audio/EVRCB0","audio-x-generic.png","4","1","","0","0","0"
"660","audio/EVRCB1","audio-x-generic.png","4","1","","0","0","0"
"661","audio/G722","audio-x-generic.png","4","1","","0","0","0"
"662","audio/G7221","audio-x-generic.png","4","1","","0","0","0"
"663","audio/G723","audio-x-generic.png","4","1","","0","0","0"
"664","audio/G726-16","audio-x-generic.png","4","1","","0","0","0"
"665","audio/G726-24","audio-x-generic.png","4","1","","0","0","0"
"666","audio/G726-32","audio-x-generic.png","4","1","","0","0","0"
"667","audio/G726-40","audio-x-generic.png","4","1","","0","0","0"
"668","audio/G728","audio-x-generic.png","4","1","","0","0","0"
"669","audio/G729","audio-x-generic.png","4","1","","0","0","0"
"670","audio/G7291","audio-x-generic.png","4","1","","0","0","0"
"671","audio/G729D","audio-x-generic.png","4","1","","0","0","0"
"672","audio/G729E","audio-x-generic.png","4","1","","0","0","0"
"673","audio/GSM","audio-x-generic.png","4","1","","0","0","0"
"674","audio/GSM-EFR","audio-x-generic.png","4","1","","0","0","0"
"675","audio/iLBC","audio-x-generic.png","4","1","","0","0","0"
"676","audio/it","audio-x-generic.png","4","1","","0","0","0"
"677","audio/L16","audio-x-generic.png","4","1","","0","0","0"
"678","audio/L20","audio-x-generic.png","4","1","","0","0","0"
"679","audio/L24","audio-x-generic.png","4","1","","0","0","0"
"680","audio/L8","audio-x-generic.png","4","1","","0","0","0"
"681","audio/LPC","audio-x-generic.png","4","1","","0","0","0"
"682","audio/make","audio-x-generic.png","4","1","","0","0","0"
"683","audio/mid","audio-x-generic.png","4","1","","0","0","0"
"684","audio/midi","audio-x-generic.png","4","1","","0","0","0"
"685","audio/mobile-xmf","audio-x-generic.png","4","1","","0","0","0"
"686","audio/mod","audio-x-generic.png","4","1","","0","0","0"
"687","audio/mp4","audio-x-generic.png","4","1","","0","0","0"
"688","audio/MP4A-LATM","audio-x-generic.png","4","1","","0","0","0"
"689","audio/MPA","audio-x-generic.png","4","1","","0","0","0"
"690","audio/mpa-robust","audio-x-generic.png","4","1","","0","0","0"
"691","audio/mpeg","audio-x-generic.png","4","1","mp3","0","0","0"
"692","audio/mpeg4-generic","audio-x-generic.png","4","1","","0","0","0"
"693","audio/nspaudio","audio-x-generic.png","4","1","","0","0","0"
"694","audio/parityfec","audio-x-generic.png","4","1","","0","0","0"
"695","audio/PCMA","audio-x-generic.png","4","1","","0","0","0"
"696","audio/PCMU","audio-x-generic.png","4","1","","0","0","0"
"697","audio/prs.sid","audio-x-generic.png","4","1","","0","0","0"
"698","audio/QCELP","audio-x-generic.png","4","1","","0","0","0"
"699","audio/RED","audio-x-generic.png","4","1","","0","0","0"
"700","audio/rtp-midi","audio-x-generic.png","4","1","","0","0","0"
"701","audio/rtx","audio-x-generic.png","4","1","","0","0","0"
"702","audio/s3m","audio-x-generic.png","4","1","","0","0","0"
"703","audio/SMV","audio-x-generic.png","4","1","","0","0","0"
"704","audio/SMV-QCP","audio-x-generic.png","4","1","","0","0","0"
"705","audio/SMV0","audio-x-generic.png","4","1","","0","0","0"
"706","audio/sp-midi","audio-x-generic.png","4","1","","0","0","0"
"707","audio/t140c","audio-x-generic.png","4","1","","0","0","0"
"708","audio/t38","audio-x-generic.png","4","1","","0","0","0"
"709","audio/telephone-event","audio-x-generic.png","4","1","","0","0","0"
"710","audio/tone","audio-x-generic.png","4","1","","0","0","0"
"711","audio/tsplayer","audio-x-generic.png","4","1","","0","0","0"
"712","audio/VDVI","audio-x-generic.png","4","1","","0","0","0"
"713","audio/VMR-WB","audio-x-generic.png","4","1","","0","0","0"
"714","audio/vnd.3gpp.iufp","audio-x-generic.png","4","1","","0","0","0"
"715","audio/vnd.4SB","audio-x-generic.png","4","1","","0","0","0"
"716","audio/vnd.audiokoz","audio-x-generic.png","4","1","","0","0","0"
"717","audio/vnd.CELP","audio-x-generic.png","4","1","","0","0","0"
"718","audio/vnd.cisco.nse","audio-x-generic.png","4","1","","0","0","0"
"719","audio/vnd.cmles.radio-events","audio-x-generic.png","4","1","","0","0","0"
"720","audio/vnd.cns.anp1","audio-x-generic.png","4","1","","0","0","0"
"721","audio/vnd.cns.inf1","audio-x-generic.png","4","1","","0","0","0"
"722","audio/vnd.digital-winds","audio-x-generic.png","4","1","","0","0","0"
"723","audio/vnd.dlna.adts","audio-x-generic.png","4","1","","0","0","0"
"724","audio/vnd.everad.plj","audio-x-generic.png","4","1","","0","0","0"
"725","audio/vnd.hns.audio","audio-x-generic.png","4","1","","0","0","0"
"726","audio/vnd.lucent.voice","audio-x-generic.png","4","1","","0","0","0"
"727","audio/vnd.nokia.mobile-xmf","audio-x-generic.png","4","1","","0","0","0"
"728","audio/vnd.nortel.vbk","audio-x-generic.png","4","1","","0","0","0"
"729","audio/vnd.nuera.ecelp4800","audio-x-generic.png","4","1","","0","0","0"
"730","audio/vnd.nuera.ecelp7470","audio-x-generic.png","4","1","","0","0","0"
"731","audio/vnd.nuera.ecelp9600","audio-x-generic.png","4","1","","0","0","0"
"732","audio/vnd.octel.sbc","audio-x-generic.png","4","1","","0","0","0"
"733","audio/vnd.qcelp-DEPRECATED-Pleaseuseaudio/qcelp","audio-x-generic.png","4","1","","0","0","0"
"734","audio/vnd.rhetorex.32kadpcm","audio-x-generic.png","4","1","","0","0","0"
"735","audio/vnd.sealedmedia.softseal.mpeg","audio-x-generic.png","4","1","","0","0","0"
"736","audio/vnd.vmx.cvsd","audio-x-generic.png","4","1","","0","0","0"
"737","audio/voxware","audio-x-generic.png","4","1","","0","0","0"
"738","audio/wav","audio-x-generic.png","4","1","wav","0","0","0"
"739","audio/x-gsm","audio-x-generic.png","4","1","","0","0","0"
"740","audio/x-jam","audio-x-generic.png","4","1","","0","0","0"
"741","audio/x-liveaudio","audio-x-generic.png","4","1","","0","0","0"
"742","audio/x-mpegurl","audio-x-generic.png","4","1","","0","0","0"
"743","audio/x-pn-realaudio","audio-x-generic.png","4","1","","0","0","0"
"744","audio/x-vnd.audioexplosion.mjuicemediafile","audio-x-generic.png","4","1","","0","0","0"
"745","audio/x-voc","audio-x-generic.png","4","1","","0","0","0"
"746","audio/xm","audio-x-generic.png","4","1","","0","0","0"
"747","image/cgm","image-x-generic.png","3","1","","0","0","0"
"748","image/cis-cod","image-x-generic.png","3","1","","0","0","0"
"749","image/cpi","image-x-generic.png","3","1","","0","0","0"
"750","image/fif","image-x-generic.png","3","1","","0","0","0"
"751","image/fits","image-x-generic.png","3","1","","0","0","0"
"752","image/g3fax","image-x-generic.png","3","1","","0","0","0"
"753","image/gif","image-x-generic.png","3","1","gif","0","0","0"
"754","image/ief","image-x-generic.png","3","1","","0","0","0"
"755","image/jp2","image-x-generic.png","3","1","","0","0","0"
"756","image/jpeg","image-x-generic.png","3","1","jpg","0","0","0"
"757","image/jpm","image-x-generic.png","3","1","","0","0","0"
"758","image/jpx","image-x-generic.png","3","1","","0","0","0"
"759","image/naplps","image-x-generic.png","3","1","","0","0","0"
"760","image/pict","image-x-generic.png","3","1","","0","0","0"
"761","image/png","image-x-generic.png","3","1","png","0","0","0"
"762","image/prs.btif","image-x-generic.png","3","1","","0","0","0"
"763","image/prs.pti","image-x-generic.png","3","1","","0","0","0"
"764","image/rip","image-x-generic.png","3","1","","0","0","0"
"765","image/svh","image-x-generic.png","3","1","","0","0","0"
"766","image/t38","image-x-generic.png","3","1","","0","0","0"
"767","image/tiff","image-x-generic.png","3","1","tif","0","0","0"
"768","image/vasa","image-x-generic.png","3","1","","0","0","0"
"769","image/vnd.adobe.photoshop","image-x-generic.png","3","1","","0","0","0"
"770","image/vnd.cns.inf2","image-x-generic.png","3","1","","0","0","0"
"771","image/vnd.djvu","image-x-generic.png","3","1","","0","0","0"
"772","image/vnd.dwg","image-x-generic.png","3","1","","0","0","0"
"773","image/vnd.dxf","image-x-generic.png","3","1","","0","0","0"
"774","image/vnd.fastbidsheet","image-x-generic.png","3","1","","0","0","0"
"775","image/vnd.fpx","image-x-generic.png","3","1","","0","0","0"
"776","image/vnd.fst","image-x-generic.png","3","1","","0","0","0"
"777","image/vnd.fujixerox.edmics-mmr","image-x-generic.png","3","1","","0","0","0"
"778","image/vnd.fujixerox.edmics-rlc","image-x-generic.png","3","1","","0","0","0"
"779","image/vnd.globalgraphics.pgb","image-x-generic.png","3","1","","0","0","0"
"780","image/vnd.microsoft.icon","image-x-generic.png","3","1","ico","0","0","0"
"781","image/vnd.mix","image-x-generic.png","3","1","","0","0","0"
"782","image/vnd.ms-modi","image-x-generic.png","3","1","","0","0","0"
"783","image/vnd.net-fpx","image-x-generic.png","3","1","","0","0","0"
"784","image/vnd.sealed.png","image-x-generic.png","3","1","","0","0","0"
"785","image/vnd.sealedmedia.softseal.gif","image-x-generic.png","3","1","","0","0","0"
"786","image/vnd.sealedmedia.softseal.jpg","image-x-generic.png","3","1","","0","0","0"
"787","image/vnd.svf","image-x-generic.png","3","1","","0","0","0"
"788","image/vnd.wap.wbmp","image-x-generic.png","3","1","","0","0","0"
"789","image/vnd.xiff","image-x-generic.png","3","1","","0","0","0"
"790","image/wavelet","image-x-generic.png","3","1","","0","0","0"
"791","image/x-clp","image-x-generic.png","3","1","","0","0","0"
"792","image/x-cmu-raster","image-x-generic.png","3","1","","0","0","0"
"793","image/x-cmx","image-x-generic.png","3","1","","0","0","0"
"794","image/x-emf","image-x-generic.png","3","1","","0","0","0"
"795","image/x-etf","image-x-generic.png","3","1","","0","0","0"
"796","image/x-fpx","image-x-generic.png","3","1","","0","0","0"
"797","image/x-freehand","image-x-generic.png","3","1","","0","0","0"
"798","image/x-halo-cut","image-x-generic.png","3","1","","0","0","0"
"799","image/x-jps","image-x-generic.png","3","1","","0","0","0"
"800","image/x-mgx-dsf","image-x-generic.png","3","1","","0","0","0"
"801","image/x-ms-bmp","image-x-generic.png","3","1","","0","0","0"
"802","image/x-portable-anymap","image-x-generic.png","3","1","","0","0","0"
"803","image/x-portable-bitmap","image-x-generic.png","3","1","","0","0","0"
"804","image/x-portable-graymap","image-x-generic.png","3","1","","0","0","0"
"805","image/x-portable-pixmap","image-x-generic.png","3","1","","0","0","0"
"806","image/x-quicktime","image-x-generic.png","3","1","","0","0","0"
"807","image/x-rgb","image-x-generic.png","3","1","","0","0","0"
"808","image/x-wmf","image-x-generic.png","3","1","","0","0","0"
"809","image/x-xbitmap","image-x-generic.png","3","1","","0","0","0"
"810","image/x-xpixmap","image-x-generic.png","3","1","","0","0","0"
"811","image/x-xwindowdump","image-x-generic.png","3","1","","0","0","0"
"812","model/iges","","1","1","","0","0","0"
"813","model/mesh","","1","1","","0","0","0"
"814","model/vnd.dwf","","1","1","","0","0","0"
"815","model/vnd.flatland.3dml","","1","1","","0","0","0"
"816","model/vnd.gdl","","1","1","","0","0","0"
"817","model/vnd.gs-gdl","","1","1","","0","0","0"
"818","model/vnd.gtw","","1","1","","0","0","0"
"819","model/vnd.moml+xml","","1","1","","0","0","0"
"820","model/vnd.mts","","1","1","","0","0","0"
"821","model/vnd.parasolid.transmit.binary","","1","1","","0","0","0"
"822","model/vnd.parasolid.transmit.text","","1","1","","0","0","0"
"823","model/vnd.vtu","","1","1","","0","0","0"
"824","model/vrml","","1","1","","0","0","0"
"825","text/asp","text-x-generic.png","6","1","","0","0","0"
"826","text/calendar","text-x-generic.png","6","1","","0","0","0"
"827","text/css","text-x-generic.png","6","1","css","0","0","0"
"828","text/csv","text-x-generic.png","6","1","csv","0","0","0"
"829","text/directory","text-x-generic.png","6","1","","0","0","0"
"830","text/dns","text-x-generic.png","6","1","","0","0","0"
"831","text/enriched","text-x-generic.png","6","1","","0","0","0"
"832","text/html","text-html.png","6","1","html","0","0","0"
"833","text/parityfec","text-x-generic.png","6","1","","0","0","0"
"834","text/php","text-x-script.png","6","1","php","0","0","0"
"835","text/plain","text-x-generic.png","6","1","txt","0","0","0"
"836","text/prs.fallenstein.rst","text-x-generic.png","6","1","","0","0","0"
"837","text/prs.lines.tag","text-x-generic.png","6","1","","0","0","0"
"838","text/RED","text-x-generic.png","6","1","","0","0","0"
"839","text/rfc822-headers","text-x-generic.png","6","1","","0","0","0"
"840","text/richtext","text-x-generic.png","6","1","","0","0","0"
"841","text/rtf","text-x-generic.png","6","1","rtf","0","0","0"
"842","text/rtx","text-x-generic.png","6","1","","0","0","0"
"843","text/s-speech","text-x-generic.png","6","1","","0","0","0"
"844","text/sgml","text-x-generic.png","6","1","","0","0","0"
"845","text/t140","text-x-generic.png","6","1","","0","0","0"
"846","text/tab-separated-values","text-x-generic.png","6","1","","0","0","0"
"847","text/troff","text-x-generic.png","6","1","","0","0","0"
"848","text/uri-list","text-x-generic.png","6","1","","0","0","0"
"849","text/vnd.abc","text-x-generic.png","6","1","","0","0","0"
"850","text/vnd.curl","text-x-generic.png","6","1","","0","0","0"
"851","text/vnd.DMClientScript","text-x-generic.png","6","1","","0","0","0"
"852","text/vnd.esmertec.theme-descriptor","text-x-generic.png","6","1","","0","0","0"
"853","text/vnd.fly","text-x-generic.png","6","1","","0","0","0"
"854","text/vnd.fmi.flexstor","text-x-generic.png","6","1","","0","0","0"
"855","text/vnd.in3d.3dml","text-x-generic.png","6","1","","0","0","0"
"856","text/vnd.in3d.spot","text-x-generic.png","6","1","","0","0","0"
"857","text/vnd.IPTC.NewsML","text-x-generic.png","6","1","","0","0","0"
"858","text/vnd.IPTC.NITF","text-x-generic.png","6","1","","0","0","0"
"859","text/vnd.latex-z","text-x-generic.png","6","1","","0","0","0"
"860","text/vnd.motorola.reflex","text-x-generic.png","6","1","","0","0","0"
"861","text/vnd.ms-mediapackage","text-x-generic.png","6","1","","0","0","0"
"862","text/vnd.net2phone.commcenter.command","text-x-generic.png","6","1","","0","0","0"
"863","text/vnd.sun.j2me.app-descriptor","text-x-generic.png","6","1","","0","0","0"
"864","text/vnd.trolltech.linguist","text-x-generic.png","6","1","","0","0","0"
"865","text/vnd.wap.si","text-x-generic.png","6","1","","0","0","0"
"866","text/vnd.wap.sl","text-x-generic.png","6","1","","0","0","0"
"867","text/vnd.wap.wml","text-x-generic.png","6","1","","0","0","0"
"868","text/vnd.wap.wmlscript","text-x-generic.png","6","1","","0","0","0"
"869","text/x-asm","text-x-generic.png","6","1","","0","0","0"
"870","text/x-c","text-x-generic.png","6","1","","0","0","0"
"871","text/x-java-source","text-x-generic.png","6","1","","0","0","0"
"872","text/x-pascal","text-x-generic.png","6","1","","0","0","0"
"873","text/xml","text-x-generic.png","6","1","","0","0","0"
"874","text/xml-external-parsed-entity","text-x-generic.png","6","1","","0","0","0"
"875","video/3gpp","video-x-generic.png","2","1","","0","0","0"
"876","video/3gpp-tt","video-x-generic.png","2","1","","0","0","0"
"877","video/3gpp2","video-x-generic.png","2","1","","0","0","0"
"878","video/animaflex","video-x-generic.png","2","1","","0","0","0"
"879","video/avi","video-x-generic.png","2","1","avi","0","0","0"
"880","video/BMPEG","video-x-generic.png","2","1","","0","0","0"
"881","video/BT656","video-x-generic.png","2","1","","0","0","0"
"882","video/CelB","video-x-generic.png","2","1","","0","0","0"
"883","video/DV","video-x-generic.png","2","1","","0","0","0"
"884","video/H261","video-x-generic.png","2","1","","0","0","0"
"885","video/H263","video-x-generic.png","2","1","","0","0","0"
"886","video/H263-1998","video-x-generic.png","2","1","","0","0","0"
"887","video/H263-2000","video-x-generic.png","2","1","","0","0","0"
"888","video/H264","video-x-generic.png","2","1","","0","0","0"
"889","video/JPEG","video-x-generic.png","2","1","","0","0","0"
"890","video/MJ2","video-x-generic.png","2","1","","0","0","0"
"891","video/MP1S","video-x-generic.png","2","1","","0","0","0"
"892","video/MP2P","video-x-generic.png","2","1","","0","0","0"
"893","video/MP2T","video-x-generic.png","2","1","","0","0","0"
"894","video/mp4","video-x-generic.png","2","1","","0","0","0"
"895","video/MP4V-ES","video-x-generic.png","2","1","","0","0","0"
"896","video/mpeg","video-x-generic.png","2","1","mpg","0","0","0"
"897","video/mpeg4-generic","video-x-generic.png","2","1","","0","0","0"
"898","video/MPV","video-x-generic.png","2","1","","0","0","0"
"899","video/nv","video-x-generic.png","2","1","","0","0","0"
"900","video/parityfec","video-x-generic.png","2","1","","0","0","0"
"901","video/pointer","video-x-generic.png","2","1","","0","0","0"
"902","video/quicktime","video-x-generic.png","2","1","mov","0","0","0"
"903","video/raw","video-x-generic.png","2","1","","0","0","0"
"904","video/rtx","video-x-generic.png","2","1","","0","0","0"
"905","video/SMPTE292M","video-x-generic.png","2","1","","0","0","0"
"906","video/vc1","video-x-generic.png","2","1","","0","0","0"
"907","video/vnd.dlna.mpeg-tts","video-x-generic.png","2","1","","0","0","0"
"908","video/vnd.fvt","video-x-generic.png","2","1","","0","0","0"
"909","video/vnd.hns.video","video-x-generic.png","2","1","","0","0","0"
"910","video/vnd.motorola.video","video-x-generic.png","2","1","","0","0","0"
"911","video/vnd.motorola.videop","video-x-generic.png","2","1","","0","0","0"
"912","video/vnd.mpegurl","video-x-generic.png","2","1","","0","0","0"
"913","video/vnd.nokia.interleaved-multimedia","video-x-generic.png","2","1","","0","0","0"
"914","video/vnd.nokia.videovoip","video-x-generic.png","2","1","","0","0","0"
"915","video/vnd.objectvideo","video-x-generic.png","2","1","","0","0","0"
"916","video/vnd.rn-realvideo","video-x-generic.png","2","1","","0","0","0"
"917","video/vnd.sealed.mpeg1","video-x-generic.png","2","1","","0","0","0"
"918","video/vnd.sealed.mpeg4","video-x-generic.png","2","1","","0","0","0"
"919","video/vnd.sealed.swf","video-x-generic.png","2","1","","0","0","0"
"920","video/vnd.sealedmedia.softseal.mov","video-x-generic.png","2","1","","0","0","0"
"921","video/vnd.vivo","video-x-generic.png","2","1","","0","0","0"
"922","video/x-dv","video-x-generic.png","2","1","","0","0","0"
"923","video/x-la-asf","video-x-generic.png","2","1","","0","0","0"
"924","video/x-motion-jpeg","video-x-generic.png","2","1","","0","0","0"
"925","video/x-ms-asf","video-x-generic.png","2","1","asf","0","0","0"
"926","video/x-sgi-movie","video-x-generic.png","2","1","","0","0","0"
"927","video/x-flv","video-x-generic.png","2","1","flv","1","102400","1048576"
"928","image/xcf","image-x-generic.png","3","1","","0","0","0"
"929","image/svg+xml","image-x-generic.png","3","1","","0","0","0"
"930","application/x-font-truetype","","1","1","ttf","0","0","0"
"931","video/x-ms-wmv","video-x-generic.png","2","1","wmv","0","0","0"
"932","video/ogg","video-x-generic.png","2","1","ogv","0","0","0"
